image,link,title
/static/portals/free-to-use/public-domain/japanese-prints/01578v.jpg,/resource/jpd.01578/,"Senju great bridge. Hiroshige Andō, 1856"
/static/portals/free-to-use/public-domain/japanese-prints/00154v.jpg,/resource/jpd.00154/,"Cherry blossom viewing month. Kiyonaga Torii, 1785-1789"
/static/portals/free-to-use/public-domain/japanese-prints/02457v.jpg,/resource/jpd.02457/,Teahouse at Koishikawa the morning after a snowfall
/static/portals/free-to-use/public-domain/japanese-prints/3g10434v.jpg,/resource/cph.3g10434/,Second national industrial exhibition at Ueno Park. Hiroshige
/static/portals/free-to-use/public-domain/japanese-prints/02608v.jpg,/resource/jpd.02608/,"A modern version of the Tale of Genji in snow scenes. Toyokuni Utagawa, artist, 1853"
/static/portals/free-to-use/public-domain/japanese-prints/3g10372v.jpg,/resource/cph.3g10372/,Village scene in Japan showing people engaged in various activities
/static/portals/free-to-use/public-domain/japanese-prints/3g10521v.jpg,/resource/cph.3g10521/,American family out for a stroll
/static/portals/free-to-use/public-domain/japanese-prints/3g08479v.jpg,/resource/cph.3g08479/,Visitors from several nations enjoying a party in the Fan Room of the Gankirō
/static/portals/free-to-use/public-domain/japanese-prints/3g10539v.jpg,/resource/cph.3g10539/,American steamship with group of passengers
/static/portals/free-to-use/public-domain/japanese-prints/00046v.jpg,/resource/jpd.00046/,Viewing a snowy landscape with Mount Fuji in the background
/static/portals/free-to-use/public-domain/japanese-prints/01307v.jpg,/resource/jpd.01307/,View of Mount Fuji from Meguro in Tokyo
/static/portals/free-to-use/public-domain/japanese-prints/00507v.jpg,/resource/jpd.00507/,Grove of blossoming cherry trees
/static/portals/free-to-use/public-domain/japanese-prints/01317v.jpg,/resource/jpd.01317/,View of Mount Fuji with a pine grove on a promontory in the Suruga Bay
/static/portals/free-to-use/public-domain/japanese-prints/01581v.jpg,/resource/jpd.01581/,Two women at an outdoor teahouse stall at Zōshigaya with Mount Fuji in the distance
/static/portals/free-to-use/public-domain/japanese-prints/00181v.jpg,/resource/jpd.00181/,Bird's-eye view of Kanbara
/static/portals/free-to-use/public-domain/japanese-prints/00139v.jpg,/resource/jpd.00139/,Woman and a child catching crickets
/static/portals/free-to-use/public-domain/japanese-prints/01271v.jpg,/resource/jpd.01271/,Steep landscape rising to a natural bridge of rocks. In the former province called Tanba.
/static/portals/free-to-use/public-domain/japanese-prints/02467v.jpg,/resource/jpd.02467/,Sunset across the Ryōgoku Bridge over the Sumida River at Onmayagashi
/static/portals/free-to-use/public-domain/japanese-prints/01822v.jpg,/resource/jpd.01822/,Man poling a small boat as the moon rises from behind a grove of trees
/static/portals/free-to-use/public-domain/japanese-prints/01803v.jpg,/resource/jpd.01803/,People working in rice paddies during a rain storm
/static/portals/free-to-use/public-domain/japanese-prints/00790v.jpg,/resource/jpd.00790/,"Woman, full-length, standing next to a large bush"
/static/portals/free-to-use/public-domain/japanese-prints/00278v.jpg,/resource/jpd.00278/,"Sumo wrestler Arakuma, full-length portrait"
/static/portals/free-to-use/public-domain/japanese-prints/02925v.jpg,/resource/jpd.02925/,Bamboo decorated with paper streamers and cutouts...
/static/portals/free-to-use/public-domain/japanese-prints/01197v.jpg,/resource/jpd.01197/,Branch with leaves and cherry blossoms
/static/portals/free-to-use/public-domain/japanese-prints/02148v.jpg,/resource/jpd.02148/,Hanging poems on a cherry tree
/static/portals/free-to-use/public-domain/japanese-prints/01328v.jpg,/resource/jpd.01328/,Sightseers viewing cherry blossoms along the banks of the Tama River at Edo
/static/portals/free-to-use/public-domain/japanese-prints/00501v.jpg,/resource/jpd.00501/,Sightseers walking along pathway viewing cherry blossoms on the bank of the Sumida River
/static/portals/free-to-use/public-domain/japanese-prints/02015v.jpg,/resource/jpd.02015/,Bridge across a canal with flowering cherry trees along the banks
/static/portals/free-to-use/public-domain/japanese-prints/01361v.jpg,/resource/jpd.01361/,Bird's-eye view of the Hasedera temple in the Yamato Province
